"0","rename(Survey_Monkey_Merged_3, "
"0","       Question = ""Question.y"", "
"0","       Question_subquestion = ""Question"", "
"0","       Division = ""Identify which division you work in.-Response"", "
"0","       Division_other = ""Identify which division you work in.-Other (please specify)"", "
"0","       Position_level = ""Which of the following best describes your position level?-Response"", "
"0","       Generation = ""Which generation are you apart of?-Response"", "
"0","       Gender = ""Please select the gender in which you identify.-Response"","
"0","       Tenure_range = ""Which duration range best aligns with your tenure at your company?-Response"","
"0","       Employment_type = ""Which of the following best describes your employment type?-Response"""
"0","       )"
