"0","respondents_2 <- respondents"
"0","respondents <- respondents[, (number_of_unique_answers = length(unique(""Respondent ID"")))]"
"0","respondents"
"1","   [1]"
"1"," Question 1-Response   "
"1"," Question 1-Response   "
"1"," Question 1-Response   "
"1"," Question 1-Response   "
"1"," Question 1-Response   "
"1"," Question 1-Response   "
"1","
"
"1","   [7]"
"1"," Question 1-Response   "
"1"," Question 1-Response   "
"1"," Question 1-Response   "
"1"," Question 1-Response   "
"1"," Question 1-Response   "
"1"," Question 1-Response   "
"1","
"
"1","  [13]"
"1"," Question 1-Response   "
"1"," Question 1-Response   "
"1"," Question 1-Response   "
"1"," Question 1-Response   "
"1"," Question 1-Response   "
"1"," Question 1-Response   "
"1","
"
"1","  [19]"
"1"," Question 1-Response   "
"1"," Question 1-Response   "
"1"," Question 1-Response   "
"1"," Question 1-Response   "
"1"," Question 1-Response   "
"1"," Question 1-Response   "
"1","
"
"1","  [25]"
"1"," Question 1-Response   "
"1"," Question 1-Response   "
"1"," Question 1-Response   "
"1"," Question 1-Response   "
"1"," Question 1-Response   "
"1"," Question 1-Response   "
"1","
"
"1","  [31]"
"1"," Question 1-Response   "
"1"," Question 1-Response   "
"1"," Question 1-Response   "
"1"," Question 1-Response   "
"1"," Question 1-Response   "
"1"," Question 1-Response   "
"1","
"
"1","  [37]"
"1"," Question 1-Response   "
"1"," Question 1-Response   "
"1"," Question 1-Response   "
"1"," Question 1-Response   "
"1"," Question 1-Response   "
"1"," Question 1-Response   "
"1","
"
"1","  [43]"
"1"," Question 1-Response   "
"1"," Question 1-Response   "
"1"," Question 1-Response   "
"1"," Question 1-Response   "
"1"," Question 1-Response   "
"1"," Question 1-Response   "
"1","
"
"1","  [49]"
"1"," Question 1-Response   "
"1"," Question 1-Response   "
"1"," Question 1-Response   "
"1"," Question 1-Response   "
"1"," Question 1-Response   "
"1"," Question 1-Response   "
"1","
"
"1","  [55]"
"1"," Question 1-Response   "
"1"," Question 1-Response   "
"1"," Question 1-Response   "
"1"," Question 1-Response   "
"1"," Question 1-Response   "
"1"," Question 1-Response   "
"1","
"
"1","  [61]"
"1"," Question 1-Response   "
"1"," Question 1-Response   "
"1"," Question 1-Response   "
"1"," Question 1-Response   "
"1"," Question 1-Response   "
"1"," Question 1-Response   "
"1","
"
"1","  [67]"
"1"," Question 1-Response   "
"1"," Question 1-Response   "
"1"," Question 1-Response   "
"1"," Question 1-Response   "
"1"," Question 1-Response   "
"1"," Question 1-Response   "
"1","
"
"1","  [73]"
"1"," Question 1-Response   "
"1"," Question 1-Response   "
"1"," Question 1-Response   "
"1"," Question 1-Response   "
"1"," Question 1-Response   "
"1"," Question 1-Response   "
"1","
"
"1","  [79]"
"1"," Question 1-Response   "
"1"," Question 1-Response   "
"1"," Question 1-Response   "
"1"," Question 1-Response   "
"1"," Question 1-Response   "
"1"," Question 1-Response   "
"1","
"
"1","  [85]"
"1"," Question 1-Response   "
"1"," Question 1-Response   "
"1"," Question 1-Response   "
"1"," Question 1-Response   "
"1"," Question 1-Response   "
"1"," Question 1-Response   "
"1","
"
"1","  [91]"
"1"," Question 1-Response   "
"1"," Question 1-Response   "
"1"," Question 1-Response   "
"1"," Question 1-Response   "
"1"," Question 1-Response   "
"1"," Question 1-Response   "
"1","
"
"1","  [97]"
"1"," Question 1-Response   "
"1"," Question 1-Response   "
"1"," Question 1-Response   "
"1"," Question 1-Response   "
"1"," Question 1-Response   "
"1"," Question 1-Response   "
"1","
"
"1"," [103]"
"1"," Question 1-Response   "
"1"," Question 1-Response   "
"1"," Question 1-Response   "
"1"," Question 1-Response   "
"1"," Question 1-Response   "
"1"," Question 1-Response   "
"1","
"
"1"," [109]"
"1"," Question 1-Response   "
"1"," Question 1-Response   "
"1"," Question 1-Response   "
"1"," Question 1-Response   "
"1"," Question 1-Response   "
"1"," Question 1-Response   "
"1","
"
"1"," [115]"
"1"," Question 1-Response   "
"1"," Question 1-Response   "
"1"," Question 1-Response   "
"1"," Question 1-Response   "
"1"," Question 1-Response   "
"1"," Question 10-Response 1"
"1","
"
"1"," [121]"
"1"," Question 10-Response 1"
"1"," Question 10-Response 1"
"1"," Question 10-Response 1"
"1"," Question 10-Response 1"
"1"," Question 10-Response 1"
"1"," Question 10-Response 1"
"1","
"
"1"," [127]"
"1"," Question 10-Response 1"
"1"," Question 10-Response 1"
"1"," Question 10-Response 1"
"1"," Question 10-Response 1"
"1"," Question 10-Response 1"
"1"," Question 10-Response 1"
"1","
"
"1"," [133]"
"1"," Question 10-Response 1"
"1"," Question 10-Response 1"
"1"," Question 10-Response 1"
"1"," Question 10-Response 1"
"1"," Question 10-Response 1"
"1"," Question 10-Response 1"
"1","
"
"1"," [139]"
"1"," Question 10-Response 1"
"1"," Question 10-Response 1"
"1"," Question 10-Response 1"
"1"," Question 10-Response 1"
"1"," Question 10-Response 1"
"1"," Question 10-Response 1"
"1","
"
"1"," [145]"
"1"," Question 10-Response 1"
"1"," Question 10-Response 1"
"1"," Question 10-Response 1"
"1"," Question 10-Response 1"
"1"," Question 10-Response 1"
"1"," Question 10-Response 1"
"1","
"
"1"," [151]"
"1"," Question 10-Response 1"
"1"," Question 10-Response 1"
"1"," Question 10-Response 1"
"1"," Question 10-Response 1"
"1"," Question 10-Response 1"
"1"," Question 10-Response 1"
"1","
"
"1"," [157]"
"1"," Question 10-Response 1"
"1"," Question 10-Response 1"
"1"," Question 10-Response 1"
"1"," Question 10-Response 1"
"1"," Question 10-Response 1"
"1"," Question 10-Response 1"
"1","
"
"1"," [163]"
"1"," Question 10-Response 1"
"1"," Question 10-Response 1"
"1"," Question 10-Response 1"
"1"," Question 10-Response 1"
"1"," Question 10-Response 1"
"1"," Question 10-Response 1"
"1","
"
"1"," [169]"
"1"," Question 10-Response 1"
"1"," Question 10-Response 1"
"1"," Question 10-Response 1"
"1"," Question 10-Response 1"
"1"," Question 10-Response 1"
"1"," Question 10-Response 1"
"1","
"
"1"," [175]"
"1"," Question 10-Response 1"
"1"," Question 10-Response 1"
"1"," Question 10-Response 1"
"1"," Question 10-Response 1"
"1"," Question 10-Response 1"
"1"," Question 10-Response 1"
"1","
"
"1"," [181]"
"1"," Question 10-Response 1"
"1"," Question 10-Response 1"
"1"," Question 10-Response 1"
"1"," Question 10-Response 1"
"1"," Question 10-Response 1"
"1"," Question 10-Response 1"
"1","
"
"1"," [187]"
"1"," Question 10-Response 1"
"1"," Question 10-Response 1"
"1"," Question 10-Response 1"
"1"," Question 10-Response 1"
"1"," Question 10-Response 1"
"1"," Question 10-Response 1"
"1","
"
"1"," [193]"
"1"," Question 10-Response 1"
"1"," Question 10-Response 1"
"1"," Question 10-Response 1"
"1"," Question 10-Response 1"
"1"," Question 10-Response 1"
"1"," Question 10-Response 1"
"1","
"
"1"," [199]"
"1"," Question 10-Response 1"
"1"," Question 10-Response 1"
"1"," Question 10-Response 1"
"1"," Question 10-Response 1"
"1"," Question 10-Response 1"
"1"," Question 10-Response 1"
"1","
"
"1"," [205]"
"1"," Question 10-Response 1"
"1"," Question 10-Response 1"
"1"," Question 10-Response 1"
"1"," Question 10-Response 1"
"1"," Question 10-Response 1"
"1"," Question 10-Response 1"
"1","
"
"1"," [211]"
"1"," Question 10-Response 1"
"1"," Question 10-Response 1"
"1"," Question 10-Response 1"
"1"," Question 10-Response 1"
"1"," Question 10-Response 1"
"1"," Question 10-Response 1"
"1","
"
"1"," [217]"
"1"," Question 10-Response 1"
"1"," Question 10-Response 1"
"1"," Question 10-Response 1"
"1"," Question 10-Response 1"
"1"," Question 10-Response 1"
"1"," Question 10-Response 1"
"1","
"
"1"," [223]"
"1"," Question 10-Response 1"
"1"," Question 10-Response 1"
"1"," Question 10-Response 1"
"1"," Question 10-Response 1"
"1"," Question 10-Response 1"
"1"," Question 10-Response 1"
"1","
"
"1"," [229]"
"1"," Question 10-Response 1"
"1"," Question 10-Response 1"
"1"," Question 10-Response 1"
"1"," Question 10-Response 1"
"1"," Question 10-Response 2"
"1"," Question 10-Response 2"
"1","
"
"1"," [235]"
"1"," Question 10-Response 2"
"1"," Question 10-Response 2"
"1"," Question 10-Response 2"
"1"," Question 10-Response 2"
"1"," Question 10-Response 2"
"1"," Question 10-Response 2"
"1","
"
"1"," [241]"
"1"," Question 10-Response 2"
"1"," Question 10-Response 2"
"1"," Question 10-Response 2"
"1"," Question 10-Response 2"
"1"," Question 10-Response 2"
"1"," Question 10-Response 2"
"1","
"
"1"," [247]"
"1"," Question 10-Response 2"
"1"," Question 10-Response 2"
"1"," Question 10-Response 2"
"1"," Question 10-Response 2"
"1"," Question 10-Response 2"
"1"," Question 10-Response 2"
"1","
"
"1"," [253]"
"1"," Question 10-Response 2"
"1"," Question 10-Response 2"
"1"," Question 10-Response 2"
"1"," Question 10-Response 2"
"1"," Question 10-Response 2"
"1"," Question 10-Response 2"
"1","
"
"1"," [259]"
"1"," Question 10-Response 2"
"1"," Question 10-Response 2"
"1"," Question 10-Response 2"
"1"," Question 10-Response 2"
"1"," Question 10-Response 2"
"1"," Question 10-Response 2"
"1","
"
"1"," [265]"
"1"," Question 10-Response 2"
"1"," Question 10-Response 2"
"1"," Question 10-Response 2"
"1"," Question 10-Response 2"
"1"," Question 10-Response 2"
"1"," Question 10-Response 2"
"1","
"
"1"," [271]"
"1"," Question 10-Response 2"
"1"," Question 10-Response 2"
"1"," Question 10-Response 2"
"1"," Question 10-Response 2"
"1"," Question 10-Response 2"
"1"," Question 10-Response 2"
"1","
"
"1"," [277]"
"1"," Question 10-Response 2"
"1"," Question 10-Response 2"
"1"," Question 10-Response 2"
"1"," Question 10-Response 2"
"1"," Question 10-Response 2"
"1"," Question 10-Response 2"
"1","
"
"1"," [283]"
"1"," Question 10-Response 2"
"1"," Question 10-Response 2"
"1"," Question 10-Response 2"
"1"," Question 10-Response 2"
"1"," Question 10-Response 2"
"1"," Question 10-Response 2"
"1","
"
"1"," [289]"
"1"," Question 10-Response 2"
"1"," Question 10-Response 2"
"1"," Question 10-Response 2"
"1"," Question 10-Response 2"
"1"," Question 10-Response 2"
"1"," Question 10-Response 2"
"1","
"
"1"," [295]"
"1"," Question 10-Response 2"
"1"," Question 10-Response 2"
"1"," Question 10-Response 2"
"1"," Question 10-Response 2"
"1"," Question 10-Response 2"
"1"," Question 10-Response 2"
"1","
"
"1"," [301]"
"1"," Question 10-Response 2"
"1"," Question 10-Response 2"
"1"," Question 10-Response 2"
"1"," Question 10-Response 2"
"1"," Question 10-Response 2"
"1"," Question 10-Response 2"
"1","
"
"1"," [307]"
"1"," Question 10-Response 2"
"1"," Question 10-Response 2"
"1"," Question 10-Response 2"
"1"," Question 10-Response 2"
"1"," Question 10-Response 2"
"1"," Question 10-Response 2"
"1","
"
"1"," [313]"
"1"," Question 10-Response 2"
"1"," Question 10-Response 2"
"1"," Question 10-Response 2"
"1"," Question 10-Response 2"
"1"," Question 10-Response 2"
"1"," Question 10-Response 2"
"1","
"
"1"," [319]"
"1"," Question 10-Response 2"
"1"," Question 10-Response 2"
"1"," Question 10-Response 2"
"1"," Question 10-Response 2"
"1"," Question 10-Response 2"
"1"," Question 10-Response 2"
"1","
"
"1"," [325]"
"1"," Question 10-Response 2"
"1"," Question 10-Response 2"
"1"," Question 10-Response 2"
"1"," Question 10-Response 2"
"1"," Question 10-Response 2"
"1"," Question 10-Response 2"
"1","
"
"1"," [331]"
"1"," Question 10-Response 2"
"1"," Question 10-Response 2"
"1"," Question 10-Response 2"
"1"," Question 10-Response 2"
"1"," Question 10-Response 2"
"1"," Question 10-Response 2"
"1","
"
"1"," [337]"
"1"," Question 10-Response 2"
"1"," Question 10-Response 2"
"1"," Question 10-Response 2"
"1"," Question 10-Response 2"
"1"," Question 10-Response 2"
"1"," Question 10-Response 2"
"1","
"
"1"," [343]"
"1"," Question 10-Response 2"
"1"," Question 10-Response 2"
"1"," Question 10-Response 2"
"1"," Question 10-Response 2"
"1"," Question 10-Response 2"
"1"," Question 10-Response 2"
"1","
"
"1"," [349]"
"1"," Question 10-Response 2"
"1"," Question 10-Response 3"
"1"," Question 10-Response 3"
"1"," Question 10-Response 3"
"1"," Question 10-Response 3"
"1"," Question 10-Response 3"
"1","
"
"1"," [355]"
"1"," Question 10-Response 3"
"1"," Question 10-Response 3"
"1"," Question 10-Response 3"
"1"," Question 10-Response 3"
"1"," Question 10-Response 3"
"1"," Question 10-Response 3"
"1","
"
"1"," [361]"
"1"," Question 10-Response 3"
"1"," Question 10-Response 3"
"1"," Question 10-Response 3"
"1"," Question 10-Response 3"
"1"," Question 10-Response 3"
"1"," Question 10-Response 3"
"1","
"
"1"," [367]"
"1"," Question 10-Response 3"
"1"," Question 10-Response 3"
"1"," Question 10-Response 3"
"1"," Question 10-Response 3"
"1"," Question 10-Response 3"
"1"," Question 10-Response 3"
"1","
"
"1"," [373]"
"1"," Question 10-Response 3"
"1"," Question 10-Response 3"
"1"," Question 10-Response 3"
"1"," Question 10-Response 3"
"1"," Question 10-Response 3"
"1"," Question 10-Response 3"
"1","
"
"1"," [379]"
"1"," Question 10-Response 3"
"1"," Question 10-Response 3"
"1"," Question 10-Response 3"
"1"," Question 10-Response 3"
"1"," Question 10-Response 3"
"1"," Question 10-Response 3"
"1","
"
"1"," [385]"
"1"," Question 10-Response 3"
"1"," Question 10-Response 3"
"1"," Question 10-Response 3"
"1"," Question 10-Response 3"
"1"," Question 10-Response 3"
"1"," Question 10-Response 3"
"1","
"
"1"," [391]"
"1"," Question 10-Response 3"
"1"," Question 10-Response 3"
"1"," Question 10-Response 3"
"1"," Question 10-Response 3"
"1"," Question 10-Response 3"
"1"," Question 10-Response 3"
"1","
"
"1"," [397]"
"1"," Question 10-Response 3"
"1"," Question 10-Response 3"
"1"," Question 10-Response 3"
"1"," Question 10-Response 3"
"1"," Question 10-Response 3"
"1"," Question 10-Response 3"
"1","
"
"1"," [403]"
"1"," Question 10-Response 3"
"1"," Question 10-Response 3"
"1"," Question 10-Response 3"
"1"," Question 10-Response 3"
"1"," Question 10-Response 3"
"1"," Question 10-Response 3"
"1","
"
"1"," [409]"
"1"," Question 10-Response 3"
"1"," Question 10-Response 3"
"1"," Question 10-Response 3"
"1"," Question 10-Response 3"
"1"," Question 10-Response 3"
"1"," Question 10-Response 3"
"1","
"
"1"," [415]"
"1"," Question 10-Response 3"
"1"," Question 10-Response 3"
"1"," Question 10-Response 3"
"1"," Question 10-Response 3"
"1"," Question 10-Response 3"
"1"," Question 10-Response 3"
"1","
"
"1"," [421]"
"1"," Question 10-Response 3"
"1"," Question 10-Response 3"
"1"," Question 10-Response 3"
"1"," Question 10-Response 3"
"1"," Question 10-Response 3"
"1"," Question 10-Response 3"
"1","
"
"1"," [427]"
"1"," Question 10-Response 3"
"1"," Question 10-Response 3"
"1"," Question 10-Response 3"
"1"," Question 10-Response 3"
"1"," Question 10-Response 3"
"1"," Question 10-Response 3"
"1","
"
"1"," [433]"
"1"," Question 10-Response 3"
"1"," Question 10-Response 3"
"1"," Question 10-Response 3"
"1"," Question 10-Response 3"
"1"," Question 10-Response 3"
"1"," Question 10-Response 3"
"1","
"
"1"," [439]"
"1"," Question 10-Response 3"
"1"," Question 10-Response 3"
"1"," Question 10-Response 3"
"1"," Question 10-Response 3"
"1"," Question 10-Response 3"
"1"," Question 10-Response 3"
"1","
"
"1"," [445]"
"1"," Question 10-Response 3"
"1"," Question 10-Response 3"
"1"," Question 10-Response 3"
"1"," Question 10-Response 3"
"1"," Question 10-Response 3"
"1"," Question 10-Response 3"
"1","
"
"1"," [451]"
"1"," Question 10-Response 3"
"1"," Question 10-Response 3"
"1"," Question 10-Response 3"
"1"," Question 10-Response 3"
"1"," Question 10-Response 3"
"1"," Question 10-Response 3"
"1","
"
"1"," [457]"
"1"," Question 10-Response 3"
"1"," Question 10-Response 3"
"1"," Question 10-Response 3"
"1"," Question 10-Response 3"
"1"," Question 10-Response 3"
"1"," Question 10-Response 3"
"1","
"
"1"," [463]"
"1"," Question 10-Response 3"
"1"," Question 10-Response 3"
"1"," Question 10-Response 3"
"1"," Question 10-Response 3"
"1"," Question 10-Response 3"
"1"," Question 10-Response 3"
"1","
"
"1"," [469]"
"1"," Question 10-Response 3"
"1"," Question 10-Response 3"
"1"," Question 10-Response 3"
"1"," Question 10-Response 3"
"1"," Question 10-Response 4"
"1"," Question 10-Response 4"
"1","
"
"1"," [475]"
"1"," Question 10-Response 4"
"1"," Question 10-Response 4"
"1"," Question 10-Response 4"
"1"," Question 10-Response 4"
"1"," Question 10-Response 4"
"1"," Question 10-Response 4"
"1","
"
"1"," [481]"
"1"," Question 10-Response 4"
"1"," Question 10-Response 4"
"1"," Question 10-Response 4"
"1"," Question 10-Response 4"
"1"," Question 10-Response 4"
"1"," Question 10-Response 4"
"1","
"
"1"," [487]"
"1"," Question 10-Response 4"
"1"," Question 10-Response 4"
"1"," Question 10-Response 4"
"1"," Question 10-Response 4"
"1"," Question 10-Response 4"
"1"," Question 10-Response 4"
"1","
"
"1"," [493]"
"1"," Question 10-Response 4"
"1"," Question 10-Response 4"
"1"," Question 10-Response 4"
"1"," Question 10-Response 4"
"1"," Question 10-Response 4"
"1"," Question 10-Response 4"
"1","
"
"1"," [499]"
"1"," Question 10-Response 4"
"1"," Question 10-Response 4"
"1"," Question 10-Response 4"
"1"," Question 10-Response 4"
"1"," Question 10-Response 4"
"1"," Question 10-Response 4"
"1","
"
"1"," [505]"
"1"," Question 10-Response 4"
"1"," Question 10-Response 4"
"1"," Question 10-Response 4"
"1"," Question 10-Response 4"
"1"," Question 10-Response 4"
"1"," Question 10-Response 4"
"1","
"
"1"," [511]"
"1"," Question 10-Response 4"
"1"," Question 10-Response 4"
"1"," Question 10-Response 4"
"1"," Question 10-Response 4"
"1"," Question 10-Response 4"
"1"," Question 10-Response 4"
"1","
"
"1"," [517]"
"1"," Question 10-Response 4"
"1"," Question 10-Response 4"
"1"," Question 10-Response 4"
"1"," Question 10-Response 4"
"1"," Question 10-Response 4"
"1"," Question 10-Response 4"
"1","
"
"1"," [523]"
"1"," Question 10-Response 4"
"1"," Question 10-Response 4"
"1"," Question 10-Response 4"
"1"," Question 10-Response 4"
"1"," Question 10-Response 4"
"1"," Question 10-Response 4"
"1","
"
"1"," [529]"
"1"," Question 10-Response 4"
"1"," Question 10-Response 4"
"1"," Question 10-Response 4"
"1"," Question 10-Response 4"
"1"," Question 10-Response 4"
"1"," Question 10-Response 4"
"1","
"
"1"," [535]"
"1"," Question 10-Response 4"
"1"," Question 10-Response 4"
"1"," Question 10-Response 4"
"1"," Question 10-Response 4"
"1"," Question 10-Response 4"
"1"," Question 10-Response 4"
"1","
"
"1"," [541]"
"1"," Question 10-Response 4"
"1"," Question 10-Response 4"
"1"," Question 10-Response 4"
"1"," Question 10-Response 4"
"1"," Question 10-Response 4"
"1"," Question 10-Response 4"
"1","
"
"1"," [547]"
"1"," Question 10-Response 4"
"1"," Question 10-Response 4"
"1"," Question 10-Response 4"
"1"," Question 10-Response 4"
"1"," Question 10-Response 4"
"1"," Question 10-Response 4"
"1","
"
"1"," [553]"
"1"," Question 10-Response 4"
"1"," Question 10-Response 4"
"1"," Question 10-Response 4"
"1"," Question 10-Response 4"
"1"," Question 10-Response 4"
"1"," Question 10-Response 4"
"1","
"
"1"," [559]"
"1"," Question 10-Response 4"
"1"," Question 10-Response 4"
"1"," Question 10-Response 4"
"1"," Question 10-Response 4"
"1"," Question 10-Response 4"
"1"," Question 10-Response 4"
"1","
"
"1"," [565]"
"1"," Question 10-Response 4"
"1"," Question 10-Response 4"
"1"," Question 10-Response 4"
"1"," Question 10-Response 4"
"1"," Question 10-Response 4"
"1"," Question 10-Response 4"
"1","
"
"1"," [571]"
"1"," Question 10-Response 4"
"1"," Question 10-Response 4"
"1"," Question 10-Response 4"
"1"," Question 10-Response 4"
"1"," Question 10-Response 4"
"1"," Question 10-Response 4"
"1","
"
"1"," [577]"
"1"," Question 10-Response 4"
"1"," Question 10-Response 4"
"1"," Question 10-Response 4"
"1"," Question 10-Response 5"
"1"," Question 10-Response 5"
"1"," Question 10-Response 5"
"1","
"
"1"," [583]"
"1"," Question 10-Response 5"
"1"," Question 10-Response 5"
"1"," Question 10-Response 5"
"1"," Question 10-Response 5"
"1"," Question 10-Response 5"
"1"," Question 10-Response 5"
"1","
"
"1"," [589]"
"1"," Question 10-Response 5"
"1"," Question 10-Response 5"
"1"," Question 10-Response 5"
"1"," Question 10-Response 5"
"1"," Question 10-Response 5"
"1"," Question 10-Response 5"
"1","
"
"1"," [595]"
"1"," Question 10-Response 5"
"1"," Question 10-Response 5"
"1"," Question 10-Response 5"
"1"," Question 10-Response 5"
"1"," Question 10-Response 5"
"1"," Question 10-Response 5"
"1","
"
"1"," [601]"
"1"," Question 10-Response 5"
"1"," Question 10-Response 5"
"1"," Question 10-Response 5"
"1"," Question 10-Response 5"
"1"," Question 10-Response 5"
"1"," Question 10-Response 5"
"1","
"
"1"," [607]"
"1"," Question 10-Response 5"
"1"," Question 10-Response 5"
"1"," Question 10-Response 5"
"1"," Question 10-Response 5"
"1"," Question 10-Response 5"
"1"," Question 10-Response 5"
"1","
"
"1"," [613]"
"1"," Question 10-Response 5"
"1"," Question 10-Response 5"
"1"," Question 10-Response 5"
"1"," Question 10-Response 5"
"1"," Question 10-Response 5"
"1"," Question 10-Response 5"
"1","
"
"1"," [619]"
"1"," Question 10-Response 5"
"1"," Question 10-Response 5"
"1"," Question 10-Response 5"
"1"," Question 10-Response 5"
"1"," Question 10-Response 5"
"1"," Question 10-Response 5"
"1","
"
"1"," [625]"
"1"," Question 10-Response 5"
"1"," Question 10-Response 5"
"1"," Question 10-Response 5"
"1"," Question 10-Response 5"
"1"," Question 10-Response 5"
"1"," Question 10-Response 5"
"1","
"
"1"," [631]"
"1"," Question 10-Response 5"
"1"," Question 10-Response 5"
"1"," Question 10-Response 5"
"1"," Question 10-Response 5"
"1"," Question 10-Response 5"
"1"," Question 10-Response 5"
"1","
"
"1"," [637]"
"1"," Question 10-Response 5"
"1"," Question 10-Response 5"
"1"," Question 10-Response 5"
"1"," Question 10-Response 5"
"1"," Question 10-Response 5"
"1"," Question 10-Response 5"
"1","
"
"1"," [643]"
"1"," Question 10-Response 5"
"1"," Question 10-Response 5"
"1"," Question 10-Response 5"
"1"," Question 10-Response 5"
"1"," Question 10-Response 5"
"1"," Question 10-Response 5"
"1","
"
"1"," [649]"
"1"," Question 10-Response 5"
"1"," Question 10-Response 5"
"1"," Question 10-Response 5"
"1"," Question 10-Response 5"
"1"," Question 10-Response 5"
"1"," Question 10-Response 5"
"1","
"
"1"," [655]"
"1"," Question 10-Response 5"
"1"," Question 10-Response 5"
"1"," Question 10-Response 5"
"1"," Question 10-Response 5"
"1"," Question 10-Response 5"
"1"," Question 10-Response 5"
"1","
"
"1"," [661]"
"1"," Question 10-Response 5"
"1"," Question 10-Response 5"
"1"," Question 10-Response 5"
"1"," Question 10-Response 5"
"1"," Question 10-Response 5"
"1"," Question 10-Response 5"
"1","
"
"1"," [667]"
"1"," Question 10-Response 5"
"1"," Question 10-Response 5"
"1"," Question 10-Response 5"
"1"," Question 10-Response 5"
"1"," Question 10-Response 5"
"1"," Question 10-Response 5"
"1","
"
"1"," [673]"
"1"," Question 10-Response 5"
"1"," Question 10-Response 5"
"1"," Question 10-Response 5"
"1"," Question 10-Response 5"
"1"," Question 10-Response 5"
"1"," Question 10-Response 5"
"1","
"
"1"," [679]"
"1"," Question 10-Response 5"
"1"," Question 10-Response 5"
"1"," Question 10-Response 5"
"1"," Question 10-Response 5"
"1"," Question 10-Response 5"
"1"," Question 10-Response 5"
"1","
"
"1"," [685]"
"1"," Question 10-Response 5"
"1"," Question 10-Response 5"
"1"," Question 10-Response 5"
"1"," Question 10-Response 5"
"1"," Question 10-Response 5"
"1"," Question 10-Response 5"
"1","
"
"1"," [691]"
"1"," Question 10-Response 5"
"1"," Question 10-Response 5"
"1"," Question 10-Response 5"
"1"," Question 10-Response 5"
"1"," Question 10-Response 5"
"1"," Question 10-Response 5"
"1","
"
"1"," [697]"
"1"," Question 10-Response 5"
"1"," Question 10-Response 5"
"1"," Question 10-Response 5"
"1"," Question 10-Response 5"
"1"," Question 10-Response 5"
"1"," Question 10-Response 5"
"1","
"
"1"," [703]"
"1"," Question 10-Response 5"
"1"," Question 10-Response 5"
"1"," Question 11-Reponse 1 "
"1"," Question 11-Reponse 1 "
"1"," Question 11-Reponse 1 "
"1"," Question 11-Reponse 1 "
"1","
"
"1"," [709]"
"1"," Question 11-Reponse 1 "
"1"," Question 11-Reponse 1 "
"1"," Question 11-Reponse 1 "
"1"," Question 11-Reponse 1 "
"1"," Question 11-Reponse 1 "
"1"," Question 11-Reponse 1 "
"1","
"
"1"," [715]"
"1"," Question 11-Reponse 1 "
"1"," Question 11-Reponse 1 "
"1"," Question 11-Reponse 1 "
"1"," Question 11-Reponse 1 "
"1"," Question 11-Reponse 1 "
"1"," Question 11-Reponse 1 "
"1","
"
"1"," [721]"
"1"," Question 11-Reponse 1 "
"1"," Question 11-Reponse 1 "
"1"," Question 11-Reponse 1 "
"1"," Question 11-Reponse 1 "
"1"," Question 11-Reponse 1 "
"1"," Question 11-Reponse 1 "
"1","
"
"1"," [727]"
"1"," Question 11-Reponse 1 "
"1"," Question 11-Reponse 1 "
"1"," Question 11-Reponse 1 "
"1"," Question 11-Reponse 1 "
"1"," Question 11-Reponse 1 "
"1"," Question 11-Reponse 1 "
"1","
"
"1"," [733]"
"1"," Question 11-Reponse 1 "
"1"," Question 11-Reponse 1 "
"1"," Question 11-Reponse 1 "
"1"," Question 11-Reponse 1 "
"1"," Question 11-Reponse 1 "
"1"," Question 11-Reponse 1 "
"1","
"
"1"," [739]"
"1"," Question 11-Reponse 1 "
"1"," Question 11-Reponse 1 "
"1"," Question 11-Reponse 1 "
"1"," Question 11-Reponse 1 "
"1"," Question 11-Reponse 1 "
"1"," Question 11-Reponse 1 "
"1","
"
"1"," [745]"
"1"," Question 11-Reponse 1 "
"1"," Question 11-Reponse 1 "
"1"," Question 11-Reponse 1 "
"1"," Question 11-Reponse 1 "
"1"," Question 11-Reponse 1 "
"1"," Question 11-Reponse 1 "
"1","
"
"1"," [751]"
"1"," Question 11-Reponse 1 "
"1"," Question 11-Reponse 1 "
"1"," Question 11-Reponse 1 "
"1"," Question 11-Reponse 1 "
"1"," Question 11-Reponse 1 "
"1"," Question 11-Reponse 1 "
"1","
"
"1"," [757]"
"1"," Question 11-Reponse 1 "
"1"," Question 11-Reponse 1 "
"1"," Question 11-Reponse 1 "
"1"," Question 11-Reponse 1 "
"1"," Question 11-Reponse 1 "
"1"," Question 11-Reponse 1 "
"1","
"
"1"," [763]"
"1"," Question 11-Reponse 1 "
"1"," Question 11-Reponse 1 "
"1"," Question 11-Reponse 1 "
"1"," Question 11-Reponse 1 "
"1"," Question 11-Reponse 1 "
"1"," Question 11-Reponse 1 "
"1","
"
"1"," [769]"
"1"," Question 11-Reponse 1 "
"1"," Question 11-Reponse 1 "
"1"," Question 11-Reponse 1 "
"1"," Question 11-Reponse 1 "
"1"," Question 11-Reponse 1 "
"1"," Question 11-Reponse 1 "
"1","
"
"1"," [775]"
"1"," Question 11-Reponse 1 "
"1"," Question 11-Reponse 1 "
"1"," Question 11-Reponse 1 "
"1"," Question 11-Reponse 1 "
"1"," Question 11-Reponse 1 "
"1"," Question 11-Reponse 1 "
"1","
"
"1"," [781]"
"1"," Question 11-Reponse 1 "
"1"," Question 11-Reponse 1 "
"1"," Question 11-Reponse 1 "
"1"," Question 11-Reponse 1 "
"1"," Question 11-Reponse 1 "
"1"," Question 11-Reponse 1 "
"1","
"
"1"," [787]"
"1"," Question 11-Reponse 1 "
"1"," Question 11-Reponse 1 "
"1"," Question 11-Reponse 1 "
"1"," Question 11-Reponse 1 "
"1"," Question 11-Reponse 1 "
"1"," Question 11-Reponse 1 "
"1","
"
"1"," [793]"
"1"," Question 11-Reponse 1 "
"1"," Question 11-Reponse 1 "
"1"," Question 11-Reponse 1 "
"1"," Question 11-Reponse 1 "
"1"," Question 11-Reponse 1 "
"1"," Question 11-Reponse 1 "
"1","
"
"1"," [799]"
"1"," Question 11-Reponse 1 "
"1"," Question 11-Reponse 1 "
"1"," Question 11-Reponse 1 "
"1"," Question 11-Reponse 1 "
"1"," Question 11-Reponse 1 "
"1"," Question 11-Reponse 1 "
"1","
"
"1"," [805]"
"1"," Question 11-Reponse 1 "
"1"," Question 11-Reponse 1 "
"1"," Question 11-Reponse 1 "
"1"," Question 11-Reponse 1 "
"1"," Question 11-Reponse 1 "
"1"," Question 11-Reponse 1 "
"1","
"
"1"," [811]"
"1"," Question 11-Reponse 1 "
"1"," Question 11-Reponse 1 "
"1"," Question 11-Reponse 1 "
"1"," Question 11-Reponse 1 "
"1"," Question 11-Reponse 1 "
"1"," Question 11-Reponse 1 "
"1","
"
"1"," [817]"
"1"," Question 11-Reponse 1 "
"1"," Question 11-Reponse 1 "
"1"," Question 11-Reponse 1 "
"1"," Question 11-Reponse 1 "
"1"," Question 11-Reponse 1 "
"1"," Question 11-Reponse 1 "
"1","
"
"1"," [823]"
"1"," Question 11-Reponse 1 "
"1"," Question 11-Reponse 1 "
"1"," Question 11-Reponse 1 "
"1"," Question 11-Reponse 1 "
"1"," Question 11-Response 2"
"1"," Question 11-Response 2"
"1","
"
"1"," [829]"
"1"," Question 11-Response 2"
"1"," Question 11-Response 2"
"1"," Question 11-Response 2"
"1"," Question 11-Response 2"
"1"," Question 11-Response 2"
"1"," Question 11-Response 2"
"1","
"
"1"," [835]"
"1"," Question 11-Response 2"
"1"," Question 11-Response 2"
"1"," Question 11-Response 2"
"1"," Question 11-Response 2"
"1"," Question 11-Response 2"
"1"," Question 11-Response 2"
"1","
"
"1"," [841]"
"1"," Question 11-Response 2"
"1"," Question 11-Response 2"
"1"," Question 11-Response 2"
"1"," Question 11-Response 2"
"1"," Question 11-Response 2"
"1"," Question 11-Response 2"
"1","
"
"1"," [847]"
"1"," Question 11-Response 2"
"1"," Question 11-Response 2"
"1"," Question 11-Response 2"
"1"," Question 11-Response 2"
"1"," Question 11-Response 2"
"1"," Question 11-Response 2"
"1","
"
"1"," [853]"
"1"," Question 11-Response 2"
"1"," Question 11-Response 2"
"1"," Question 11-Response 2"
"1"," Question 11-Response 2"
"1"," Question 11-Response 2"
"1"," Question 11-Response 2"
"1","
"
"1"," [859]"
"1"," Question 11-Response 2"
"1"," Question 11-Response 2"
"1"," Question 11-Response 2"
"1"," Question 11-Response 2"
"1"," Question 11-Response 2"
"1"," Question 11-Response 2"
"1","
"
"1"," [865]"
"1"," Question 11-Response 2"
"1"," Question 11-Response 2"
"1"," Question 11-Response 2"
"1"," Question 11-Response 2"
"1"," Question 11-Response 2"
"1"," Question 11-Response 2"
"1","
"
"1"," [871]"
"1"," Question 11-Response 2"
"1"," Question 11-Response 2"
"1"," Question 11-Response 2"
"1"," Question 11-Response 2"
"1"," Question 11-Response 2"
"1"," Question 11-Response 2"
"1","
"
"1"," [877]"
"1"," Question 11-Response 2"
"1"," Question 11-Response 2"
"1"," Question 11-Response 2"
"1"," Question 11-Response 2"
"1"," Question 11-Response 2"
"1"," Question 11-Response 2"
"1","
"
"1"," [883]"
"1"," Question 11-Response 2"
"1"," Question 11-Response 2"
"1"," Question 11-Response 2"
"1"," Question 11-Response 2"
"1"," Question 11-Response 2"
"1"," Question 11-Response 2"
"1","
"
"1"," [889]"
"1"," Question 11-Response 2"
"1"," Question 11-Response 2"
"1"," Question 11-Response 2"
"1"," Question 11-Response 2"
"1"," Question 11-Response 2"
"1"," Question 11-Response 2"
"1","
"
"1"," [895]"
"1"," Question 11-Response 2"
"1"," Question 11-Response 2"
"1"," Question 11-Response 2"
"1"," Question 11-Response 2"
"1"," Question 11-Response 2"
"1"," Question 11-Response 2"
"1","
"
"1"," [901]"
"1"," Question 11-Response 2"
"1"," Question 11-Response 2"
"1"," Question 11-Response 2"
"1"," Question 11-Response 2"
"1"," Question 11-Response 2"
"1"," Question 11-Response 2"
"1","
"
"1"," [907]"
"1"," Question 11-Response 2"
"1"," Question 11-Response 2"
"1"," Question 11-Response 2"
"1"," Question 11-Response 2"
"1"," Question 11-Response 2"
"1"," Question 11-Response 2"
"1","
"
"1"," [913]"
"1"," Question 11-Response 2"
"1"," Question 11-Response 2"
"1"," Question 11-Response 2"
"1"," Question 11-Response 2"
"1"," Question 11-Response 2"
"1"," Question 11-Response 2"
"1","
"
"1"," [919]"
"1"," Question 11-Response 2"
"1"," Question 11-Response 2"
"1"," Question 11-Response 2"
"1"," Question 11-Response 2"
"1"," Question 11-Response 2"
"1"," Question 11-Response 2"
"1","
"
"1"," [925]"
"1"," Question 11-Response 2"
"1"," Question 11-Response 2"
"1"," Question 11-Response 2"
"1"," Question 11-Response 2"
"1"," Question 11-Response 2"
"1"," Question 11-Response 2"
"1","
"
"1"," [931]"
"1"," Question 11-Response 2"
"1"," Question 11-Response 2"
"1"," Question 11-Response 2"
"1"," Question 11-Response 2"
"1"," Question 11-Response 2"
"1"," Question 11-Response 2"
"1","
"
"1"," [937]"
"1"," Question 11-Response 2"
"1"," Question 11-Response 2"
"1"," Question 11-Response 2"
"1"," Question 11-Response 2"
"1"," Question 11-Response 2"
"1"," Question 11-Response 2"
"1","
"
"1"," [943]"
"1"," Question 11-Response 2"
"1"," Question 12-Response  "
"1"," Question 12-Response  "
"1"," Question 12-Response  "
"1"," Question 12-Response  "
"1"," Question 12-Response  "
"1","
"
"1"," [949]"
"1"," Question 12-Response  "
"1"," Question 12-Response  "
"1"," Question 12-Response  "
"1"," Question 12-Response  "
"1"," Question 12-Response  "
"1"," Question 12-Response  "
"1","
"
"1"," [955]"
"1"," Question 12-Response  "
"1"," Question 12-Response  "
"1"," Question 12-Response  "
"1"," Question 12-Response  "
"1"," Question 12-Response  "
"1"," Question 12-Response  "
"1","
"
"1"," [961]"
"1"," Question 12-Response  "
"1"," Question 12-Response  "
"1"," Question 12-Response  "
"1"," Question 12-Response  "
"1"," Question 12-Response  "
"1"," Question 12-Response  "
"1","
"
"1"," [967]"
"1"," Question 12-Response  "
"1"," Question 12-Response  "
"1"," Question 12-Response  "
"1"," Question 12-Response  "
"1"," Question 12-Response  "
"1"," Question 12-Response  "
"1","
"
"1"," [973]"
"1"," Question 12-Response  "
"1"," Question 12-Response  "
"1"," Question 12-Response  "
"1"," Question 12-Response  "
"1"," Question 12-Response  "
"1"," Question 12-Response  "
"1","
"
"1"," [979]"
"1"," Question 12-Response  "
"1"," Question 12-Response  "
"1"," Question 12-Response  "
"1"," Question 12-Response  "
"1"," Question 12-Response  "
"1"," Question 12-Response  "
"1","
"
"1"," [985]"
"1"," Question 12-Response  "
"1"," Question 12-Response  "
"1"," Question 12-Response  "
"1"," Question 12-Response  "
"1"," Question 12-Response  "
"1"," Question 12-Response  "
"1","
"
"1"," [991]"
"1"," Question 12-Response  "
"1"," Question 12-Response  "
"1"," Question 12-Response  "
"1"," Question 12-Response  "
"1"," Question 12-Response  "
"1"," Question 12-Response  "
"1","
"
"1"," [997]"
"1"," Question 12-Response  "
"1"," Question 12-Response  "
"1"," Question 12-Response  "
"1"," Question 12-Response  "
"1","
"
"1"," [ reached getOption(""max.print"") -- omitted 8664 entries ]
"
"1","86 "
"1",""
"1","Levels: "
"1",""
"1","Question 1-Response Question 2-Response Question 3-Open-Ended Response Question 4-Response ... Question 30-Response 3"
"1",""
"1","
"
